date,company,cleaned_headline
2025-05-29,AMZN,amazon amzn launches zeroone group to innovate consumer tech
2025-05-29,AMZN,amzn partners with new york times for content licensing deal amzn stock news
2025-05-29,AMZN,amazon amzn forms new team for innovative consumer products amzn stock news
2025-05-29,AMZN,amazon amzn and new york times forge ai licensing partnership amzn stock news
2025-05-29,AMZN,cloud wars googles 75b bet against microsoft and amazon
2025-05-29,AMZN,investors double down on taco trade after tariff invalidation a tell from nvidia mass layoffs nvidia nasdaqnvda spdr sp 500 arcaspy
2025-05-29,AMZN,amazon amzn partners with new york times for exclusive content agreement amzn stock news
2025-05-29,AMZN,performance comparison amazoncom and competitors in broadline retail industry amazoncom nasdaqamzn
2025-05-29,AMZN,new york times agrees to license content to amazon for ai use
2025-05-29,AMZN,chip stocks and big tech shares jump on trump tariffs ruling nvidias earnings and elon musk news
2025-05-29,AMZN,c3ai eyes 47 billion agentic ai market by 2030 with 60 million arr we are well positioned to capitalize says ceo c3ai nyseai amazoncom nasdaqamzn
2025-05-29,AMZN,nvda aapl amzn tem tsla 5 trending stocks today apple nasdaqaapl amazoncom nasdaqamzn
2025-05-29,AMZN,dow futures jump over 400 points amazon and walmart shares spike in afterhours trading after court blocks trump tariffs nikkei opens higher costco wholesale nasdaqcost amazoncom nasdaqamzn
2025-05-28,AMZN,market direction to be driven by nvidia earnings consumer roars back with renewed faith in trump nvidia nasdaqnvda spdr sp 500 arcaspy
2025-05-28,AMZN,amazoncom inc amzn will buy every single nvidia chip it can get says jim cramer
2025-05-28,AMZN,investigating amazoncoms standing in broadline retail industry compared to competitors amazoncom nasdaqamzn
2025-05-28,AMZN,broadcom avgo is gaining market share in the aichip space tech researcher says
2025-05-28,AMZN,us stock futures dip after sharp rally focus on nvidia earnings
2025-05-28,AMZN,norways wealth fund ceo demands ai adoption among employees
2025-05-27,AMZN,amazoncom inc amzn launches amazon aurora dsql for enhanced database performance amzn stock news
2025-05-27,AMZN,aggressive stock buying on japans bond tweak igniting a global bond rally progress with europe spdr sp 500 arcaspy
2025-05-27,AMZN,exploring the competitive space amazoncom versus industry peers in broadline retail amazoncom nasdaqamzn
2025-05-27,AMZN,amazoncom amzn dropped on guidance that fell short of market expectations
2025-05-27,AMZN,amazoncom inc amzn is attracting investor attention here is what you should know
2025-05-27,AMZN,norway wealth fund chief tells staff that using ai is a must
2025-05-27,AMZN,quantum computing stocks in focus pure play vs large caps heres a look at the valuations alphabet nasdaqgoog amazoncom nasdaqamzn
2025-05-26,AMZN,market analysis amazoncom and competitors in broadline retail industry amazoncom nasdaqamzn
2025-05-26,AMZN,elon musk saudi arabia approves use of starlink for maritime aviation purposes
2025-05-26,AMZN,invest with confidence intrinsic value unveiled of amazoncom inc
2025-05-26,AMZN,unprecedented demand for nvidias gb200 drives accelerated production taiwan engineers are working incredibly hard says expert microsoft nasdaqmsft amazoncom nasdaqamzn
2025-05-26,AMZN,what investors get wrong about cef fees and miss out on 8 yields
2025-05-26,AMZN,amazon microsoft google and shopify are racing to integrate ai now engineers say theyre working faster with less thinking time and more pressure than ever alphabet nasdaqgoog amazoncom n
2025-05-25,AMZN,truist reiterates buy on amazoncom amzn as q2 revenue tracks ahead
2025-05-24,AMZN,billionaire bill ackman bets big on battered ecommerce giant
2025-05-24,AMZN,everyone will want one elon musk makes huge announcement on humanoid robots starlink deal
2025-05-24,AMZN,insider sell david zapolsky sells 20670 shares of amazoncom inc amzn
2025-05-24,AMZN,amazoncom inc amzn announces results of annual shareholder meeting
2025-05-23,AMZN,amazon amzn faces lawsuit over arsenic in rice products
2025-05-23,AMZN,oracle to snap up 40 billion in nvidia chips for openais us supercenter
2025-05-23,AMZN,amazoncom inc amzn faces lawsuit over claims it sold contaminated rice
2025-05-23,AMZN,amazon amzn supports anthropics nextgen ai models launch amzn stock news
2025-05-23,AMZN,nike returns to sell footwear apparel on amazon for the first time since 2019
2025-05-23,AMZN,elfun trusts exits unitedhealth group inc impacting portfolio by 179
2025-05-23,AMZN,what makes amazoncom amzn an incredible longterm bet
2025-05-23,AMZN,comparative study amazoncom and industry competitors in broadline retail industry amazoncom nasdaqamzn
2025-05-23,AMZN,amazon amzn shareholders reject ceo and board chair role separation
2025-05-23,AMZN,megacap tech shows signs of life but the road back to aths is still long
2025-05-23,AMZN,amazon stock aws is at risk of getting dethroned technical analysis nasdaqamzn
2025-05-23,AMZN,thinking of buying amazon stock the companys biggest moneymaker might surprise you
2025-05-23,AMZN,amazon shareholders reject proposal to split roles of ceo andy jassy and executive chairman jeff bezos backing current leadership structure with 82 vote amazoncom nasdaqamzn
2025-05-23,AMZN,israel englanders millennium cuts stakes in nvidia microsoft and meta while boosting amazon bet in q1 amid strategic talks with blackrock goldman sachs blackrock nyseblk amazoncom nasdaqa
2025-05-23,AMZN,amazoncom inc amzn shareholders overwhelmingly reject proposal to permanently split ceo and chair roles
2025-05-23,AMZN,european officials weigh response to us efforts to thwart local dei programs
2025-05-23,AMZN,millennium management llc increases stake in janus henderson group plc
2025-05-23,AMZN,ackmans pershing square takes new position in amazoncom inc amzn
2025-05-22,AMZN,amazon tariffs will strengthen the ecommerce empire nasdaqamzn
2025-05-22,AMZN,amazon gives some customers refunds for returns made years ago
2025-05-22,AMZN,amazon amzn shares rise following pershing squares strategic investment amzn stock news
2025-05-22,AMZN,targets troubles leave analysts most negative since 2018
2025-05-22,AMZN,target under pressure from tariffs rising competitive gaps analysts target nysetgt
2025-05-22,AMZN,magnificent seven shareholder meetings on tap taking stock of the economy
2025-05-22,AMZN,amazoncom amzn has multiple upbeat attributes veteran investor says
2025-05-22,AMZN,comparing amazoncom with industry competitors in broadline retail industry amazoncom nasdaqamzn
2025-05-22,AMZN,5 of the big stock winners of the past 20 years with eyepopping returns
2025-05-22,AMZN,amazon amzn issues refunds for past returns after unresolved issues amzn stock news
2025-05-22,AMZN,trumps big beautiful bill could be 31 trillion jackpot for affluent americans like elon musk and jeff bezos studies say meta platforms nasdaqmeta amazoncom nasdaqamzn
2025-05-22,AMZN,baidus apollo go enters dubai and abu dhabi ceo robin li touts global robotaxi lead with 14 million rides in q1 baidu nasdaqbidu amazoncom nasdaqamzn
2025-05-22,AMZN,from warren buffetts berkshire hathaway to jeff bezos amazon bitcoin is now outshining these wall street titans apple nasdaqaapl
2025-05-22,AMZN,balyasny asset management lp reduces stake in hudson pacific properties inc
2025-05-21,AMZN,amazon amzn to resume selling nike products after fouryear gap amzn stock news
2025-05-21,AMZN,amzn shareholders approve board and executive pay plans amzn stock news
2025-05-21,AMZN,magnificent 7 earnings preview a pulse check on the us economy
2025-05-21,AMZN,bond reaction to big beautiful tax bill gets in the way of stock market rally spdr sp 500 arcaspy
2025-05-21,AMZN,evaluating amazoncom against peers in broadline retail industry amazoncom nasdaqamzn
2025-05-21,AMZN,prominent investor is prepared to buy meta and amzn stock on any weakness
2025-05-21,AMZN,supermicro eyes texas mississippi for ai server growth as microsoft amazon increase spending
2025-05-21,AMZN,amazons zoox expands robotaxi trials to rival turf in atlanta
2025-05-21,AMZN,tesla is 6x more expensive than its peers and the most overvalued mag 7 stock gordon johnson questions fundamentals as elon musk shrugs off concerns apple nasdaqaapl amazoncom nasdaqamzn
2025-05-21,AMZN,amazon amzn sees profit growth amid streaming industry success amzn stock news
2025-05-21,AMZN,tiktok shop us employees told to work from home as layoffs loom
2025-05-21,AMZN,aqr capital management llc acquires shares in aifeex nexus acquisition corp
2025-05-20,AMZN,industry comparison evaluating amazoncom against competitors in broadline retail industry amazoncom nasdaqamzn
2025-05-20,AMZN,a closer look at amazoncoms options market dynamics amazoncom nasdaqamzn
2025-05-20,AMZN,us stock futures edge down ahead of commentary from fed officials
2025-05-19,AMZN,amazon why may is the last month to get the stock at a discount
2025-05-19,AMZN,graniteshares announces change in etf lineup
2025-05-19,AMZN,amazon amzn upgraded to buy on growth prospects
2025-05-19,AMZN,microsoft is bringing elon musks ai models to its cloud
2025-05-19,AMZN,analyzing amazoncom in comparison to competitors in broadline retail industry amazoncom nasdaqamzn
2025-05-19,AMZN,magnificent 7 stocks shift toward stability and selective growth
2025-05-19,AMZN,apples aipowered home services strategy could upend yelp angi alphabet insider says trust data and ux key in this 500 billion market apple nasdaqaapl amazoncom nasdaqamzn
2025-05-19,AMZN,nvidia ceo unveils new tech to keep global ai expansion going
2025-05-19,AMZN,david sacks hails trumps ai strategy in middle east as power move over china openai ceo sam altman backs him sorry naive people are giving you grief advanced micro devices nasdaqamd amazon
2025-05-17,AMZN,could buying amazon today set you up for life
2025-05-17,AMZN,fmr llcs strategic acquisition of vor biopharma inc shares
2025-05-17,AMZN,fmr llc reduces stake in helen of troy ltd a detailed analysis
2025-05-17,AMZN,fmr llc reduces holdings in astria therapeutics inc
2025-05-17,AMZN,fil ltd acquires additional shares in lexinfintech holdings ltd
2025-05-17,AMZN,fil ltd acquires significant stake in telefonaktiebolaget l m ericsson
2025-05-17,AMZN,australiansuper pty ltd acquires significant stake in coronado global resources inc
2025-05-16,AMZN,amazon the whole package longterm buy for this tough grader upgrade nasdaqamzn
2025-05-16,AMZN,how revisions to genius act could impact us stablecoin market
2025-05-16,AMZN,market analysis amazoncom and competitors in broadline retail industry amazoncom nasdaqamzn
2025-05-16,AMZN,forfeiture lawsuits a new challenge for 401k plan advisors
2025-05-16,AMZN,us targets european digital rules in free speech campaign defending american big tech apple nasdaqaapl amazoncom nasdaqamzn
2025-05-16,AMZN,amazoncom inc amzn is a trending stock facts to know before betting on it
2025-05-16,AMZN,why nasdaq sp 500 futures are trading higher friday applied mat nasdaqamat amazoncom nasdaqamzn
2025-05-16,AMZN,rocket companies soars 6 in friday premarket as activist investor valueact reveals new position calls rkt a sleeping giant in early innings amazoncom nasdaqamzn salesforce nysecrm
2025-05-16,AMZN,wall street poised to open higher after sp 500s 4day run sounds like powell is expecting more frequent bouts of stagflation cautions expert applied mat nasdaqamat amazoncom nasdaqamzn
2025-05-16,AMZN,sp 500 settles higher for fourth session amid surge in tech stocks investor sentiment slips but fear index stays in greed zone brady nysebrc amazoncom nasdaqamzn
2025-05-16,AMZN,wall street getting nervous magnificent 7 giants face 33m bet against them as market turbulence looms apple nasdaqaapl amazoncom nasdaqamzn
2025-05-16,AMZN,glenview capital management increases amazon amzn stake
2025-05-15,AMZN,3g capital increases investment in amazon amzn in q1 2025
2025-05-15,AMZN,al gores generation investment management reduces amazon stake by 4677
2025-05-15,AMZN,chase colemans strategic moves apollo global management inc sees significant reduction
2025-05-15,AMZN,lee ainslies strategic moves a deep dive into kenvue incs 359 portfolio impact
2025-05-15,AMZN,steve mandels strategic moves carvana co takes center stage with 418 portfolio impact
2025-05-15,AMZN,amazons amzn role in the evolution of 1bit llms examined amzn stock news
2025-05-15,AMZN,lone pine capital positions amazon amzn among top holdings in q1 2025 amzn stock news
2025-05-15,AMZN,third point lowers amazon amzn stake in recent portfolio update amzn stock news
2025-05-15,AMZN,amazoncom inc amzn deepens ai push with aws pagerduty deal to power global ops cloud
2025-05-15,AMZN,lone pine capital adjusts position in amazon amzn amid portfolio changes amzn stock news
2025-05-15,AMZN,amazoncom inc amzn among the best drone stocks to buy according to billionaires
2025-05-15,AMZN,philippe laffonts strategic moves coreweave inc takes center stage with 235 portfolio allocation
2025-05-15,AMZN,mairs and powers strategic moves us bancorp reduction highlights q1 2025
2025-05-15,AMZN,profits on tactical positions do not trust new data and walmart earnings trump scolds apple walmart nysewmt
2025-05-15,AMZN,veteran investor is bullish on amazoncom inc amzn stock
2025-05-15,AMZN,liberty allstar growth fund inc april 2025 monthly update
2025-05-15,AMZN,alan fourniers strategic moves antero resources corp sees significant reduction
2025-05-15,AMZN,amazoncom inc mark hillman exits position with a 396 impact
2025-05-15,AMZN,comparative study amazoncom and industry competitors in broadline retail industry amazoncom nasdaqamzn
2025-05-15,AMZN,garmin unveils the forerunner 570 and forerunner 970 its newest gps running and triathlon smartwatches for performancedriven athletes
2025-05-15,AMZN,smart money is betting big in amzn options amazoncom nasdaqamzn
2025-05-15,AMZN,cathie wood says us electricity prices would be 90 lower without three mile islandera rules amazoncom nasdaqamzn
2025-05-15,AMZN,jim cramer says gulf countries will become largest hyperscalers in the world after nvidias 18000 blackwell chip deal alphabet nasdaqgoog amazoncom nasdaqamzn
2025-05-15,AMZN,is it too late to save the us economy from a recession
2025-05-15,AMZN,aramco pens 90b deals with us companies
2025-05-15,AMZN,insider sell keith alexander sells 1000 shares of amazoncom inc amzn
2025-05-15,AMZN,amazon amzn implements layoffs in devices and services unit
2025-05-15,AMZN,advisors asset management inc expands stake in allspring global dividend opportunity fund
2025-05-15,AMZN,temasek holdings increases stake in tpg inc with strategic acquisition
2025-05-15,AMZN,cisco gives positive sales forecast after ai buoys demand
2025-05-14,AMZN,how to invest 20000 for maximum returns
2025-05-14,AMZN,caught off guard institutions chase stock market rally spdr sp 500 arcaspy
2025-05-14,AMZN,ken fishers strategic moves amazoncom inc sees a 11 portfolio impact
2025-05-14,AMZN,amazon amzn explores investment in tiktok amid growing competition amzn stock news
2025-05-14,AMZN,frank sands significantly reduces stake in asml holding nv by 6879
2025-05-14,AMZN,amazoncom inc amzn and humain to invest 5b in saudi arabias ai zone development
2025-05-14,AMZN,is amazoncom amzn the best high volume stock to buy now
2025-05-14,AMZN,bullish for nvidia tesla palantir microsoft alphabet amazon ai revolution is coming to the saudi kingdom says wedbushs dan ives alphabet nasdaqgoog amazoncom nasdaqamzn
2025-05-14,AMZN,microsoft to cut 6000 jobs globally amid aidriven shift says changes necessary to best position the company for success meta platforms nasdaqmeta amazoncom nasdaqamzn
2025-05-14,AMZN,amazoncom inc amzn meta platforms inc meta delivered the best earnings among the mag 7 prominent investor says
2025-05-14,AMZN,vanguard group incs strategic acquisition of peloton interactive inc shares
2025-05-14,AMZN,vanguard group incs strategic acquisition of mfa financial inc shares
2025-05-14,AMZN,vanguard group incs strategic acquisition of elevance health inc shares
2025-05-14,AMZN,vanguard group inc increases stake in science applications international corp
2025-05-14,AMZN,vanguard group incs strategic acquisition of roper technologies inc shares
2025-05-14,AMZN,vanguard group incs strategic acquisition of general motors co shares
2025-05-14,AMZN,wellington management group llp acquires significant stake in northpointe bancshares inc
2025-05-13,AMZN,amzn extends strategic collaboration with pagerduty amzn stock news
2025-05-13,AMZN,top stock reports for microsoft amazoncom mastercard
2025-05-13,AMZN,fedex risks mount analyst warns of reporting complexity fedex nysefdx amazoncom nasdaqamzn
2025-05-13,AMZN,why amazon may never dip below 200 again
2025-05-13,AMZN,amazon and humain announce 5 billion ai investment in saudi arabia amzn stock news
2025-05-13,AMZN,live elon musk makes stunning announcement on starlink deal in saudi arabia trump gulf visit
2025-05-13,AMZN,amazon amzn strengthens saudi ai partnership with 5 billion investment
2025-05-13,AMZN,amazon amzn partners with saudi arabian ai firm for 5b innovation hub amzn stock news
2025-05-13,AMZN,lower probability of stagflation and recession cooler cpi discover financial servs nysedfs coinbase global nasdaqcoin
2025-05-13,AMZN,amazon and fedex reach delivery deal following pullback by ups
2025-05-13,AMZN,aws and humain announce groundbreaking ai zone to accelerate ai adoption in saudi arabia and globally amzn stock news
2025-05-13,AMZN,amazoncom inc amzn a bull case theory
2025-05-13,AMZN,understanding amazoncoms position in broadline retail industry compared to competitors amazoncom nasdaqamzn
2025-05-13,AMZN,nasdaq 100 erases 2025 decline as tariff cuts spark tech revival
2025-05-13,AMZN,intel certifies shell lubricant for cooling ai data centers
2025-05-13,AMZN,amazoncom amzn slid on concerns around tariffs and uschina trade tensions
2025-05-13,AMZN,uschina tariff truce adds nearly 45 billion to net worth of elon musk jeff bezos mark zuckerberg apple nasdaqaapl amazoncom nasdaqamzn
2025-05-13,AMZN,jeff bezos called chief dark arts officer in secret amazon doc as ftc says company hid thousands of key files in antitrust case amazoncom nasdaqamzn
2025-05-12,AMZN,amazon amzn partners with fedex for costeffective deliveries
2025-05-12,AMZN,fedex and amazon amzn reach agreement affecting stock movements amzn stock news
2025-05-12,AMZN,us stocks close sharply higher on us china tariff news
2025-05-12,AMZN,amzn options activity surges with bullish sentiment amzn stock news
2025-05-12,AMZN,amazoncom inc amzn shares up 763 on may 12
2025-05-12,AMZN,amazon amzn shares surge amid uschina tariff truce
2025-05-12,AMZN,deploy cash and reduce hedges peak tariff uncertainty is over but peak economic uncertainty is not
2025-05-12,AMZN,why goldman sachs sees 30 upside in mercadolibre stock
2025-05-12,AMZN,amazoncom inc amzns winning formula financial metrics and competitive strengths
2025-05-12,AMZN,amazon amzn rises as uschina tariff deal lifts ecommerce prospects
2025-05-12,AMZN,chris daviss strategic moves a closer look at restaurant brands international inc
2025-05-12,AMZN,investigating amazoncoms standing in broadline retail industry compared to competitors amazoncom nasdaqamzn
2025-05-12,AMZN,franklin templeton unveils new us mega cap etf in europe
2025-05-12,AMZN,apple may hike iphone prices this fall steering clear of tariff blame report amazoncom nasdaqamzn
2025-05-12,AMZN,amazon amzn boosts progynys earnings with enhanced services amzn stock news
2025-05-12,AMZN,unlocking intrinsic value analysis of amazoncom inc
2025-05-12,AMZN,why wall streets doubts on amazon are your golden opportunity amzn
2025-05-12,AMZN,bullish sign for sp 500 flashes with more us stocks shouldering rally
2025-05-12,AMZN,1 growth stock down 20 to buy right now
2025-05-12,AMZN,apple amazon nvidia rise in monday premarket as us china agree to slash tariffs for 90 days in major trade breakthrough neither side wants a decoupling apple nasdaqaapl amazoncom nasdaq
2025-05-10,AMZN,the magnificent seven are back in the stock markets drivers seat but are they still a buy
2025-05-10,AMZN,neuberger berman group llc reduces stake in asbury automotive group inc
2025-05-09,AMZN,hopium buying india ready to cut tariffs to 4 trump floats china tariffs at 80 uk not a model
2025-05-09,AMZN,amzn options activity shows bullish sentiment amzn stock news
2025-05-09,AMZN,industry comparison evaluating amazoncom against competitors in broadline retail industry amazoncom nasdaqamzn
2025-05-09,AMZN,what does cramer think of amazoncom amzns 100 billion ai bet
2025-05-09,AMZN,jim cramer on amazoncom inc amzn i still like it for the long haul
2025-05-09,AMZN,amazon amzn competition concerns for trade desk amid market developments amzn stock news
2025-05-09,AMZN,should you buy amzn stock at 195 after landmark usuk trade deal
2025-05-09,AMZN,amazoncom inc amzn among paul tudor jones stock picks with huge upside potential
2025-05-09,AMZN,alphabet shares take 120 billion blow as search warnings blare
2025-05-09,AMZN,billionaire paul tudor jones 10 stocks picks with huge upside potential
2025-05-09,AMZN,amazoncom inc amzn among billionaire larry robbins stock picks with huge upside potential
2025-05-09,AMZN,charles schwab investment management inc reduces stake in cracker barrel old country store inc
2025-05-08,AMZN,amazoncom inc amzn among billionaire bruce kovners stock picks with huge upside potential
2025-05-08,AMZN,clean energy reports revenue of 1038 million and 506 million rng gallons sold for the first quarter of 2025
2025-05-08,AMZN,built to stay small inside the org charts of ainative startups
2025-05-08,AMZN,investigating amazoncoms standing in broadline retail industry compared to competitors amazoncom nasdaqamzn
2025-05-08,AMZN,marjorie taylor greenes hearing disrupted by insider trading scrutiny maybe its a coincidence says jasmine crockett on mtg buying stocks before trumps 90day tariff pause apple nasdaqaapl
2025-05-08,AMZN,cathie wood strengthens ai chip holdings with nvidia and amd purchases reduces palantir position by another 388 million ark fintech innovation etf batsarkf advanced micro devices nasdaqamd
2025-05-07,AMZN,amazoncom inc amzn among stocks that will make you rich in 3 years
2025-05-07,AMZN,is amazoncom inc amzn the best dow stock
2025-05-07,AMZN,amazoncom inc amzn ai integration and ecommerce strength drive price target boost
2025-05-07,AMZN,amazon q1 free cash flow is concerning nasdaqamzn
2025-05-07,AMZN,seagate bets on megasized sustainable drives as ai sparks record data demand
2025-05-07,AMZN,3 redhot cloud infrastructure stocks powering 2025 growth
2025-05-07,AMZN,indian missiles hit pakistan buying on uschina talks will the fed bow to trump spdr gold trust arcagld
2025-05-07,AMZN,investors bet on broadcoms ai future amid 75b hyperscaler spend
2025-05-07,AMZN,investigating amazoncoms standing in broadline retail industry compared to competitors amazoncom nasdaqamzn
2025-05-07,AMZN,amazoncom inc amzn among most popular stocks on robinhood in 2025
2025-05-07,AMZN,amazoncom inc amzn among billionaire louis bacons stock picks with huge upside potential
2025-05-07,AMZN,warren buffett falls behind nancy pelosi in stock market returns over the last 11 years heres what data shows apple nasdaqaapl amazoncom nasdaqamzn
2025-05-07,AMZN,5 nobrainer ai stocks to buy in may
2025-05-07,AMZN,intel meta get the headlines but its uncle sam doge whos bleeding workers in 2025 microsoft nasdaqmsft alphabet nasdaqgoogl meta platforms nasdaqmeta tesla nasdaqtsla
2025-05-07,AMZN,amazon amzn impact on marvell tech downplayed amid analyst concerns amzn stock news
2025-05-07,AMZN,is amazoncom amzn the most promising future stock according to hedge funds
2025-05-07,AMZN,amazon amzn subsidiary zoox recalls robotaxis after las vegas collision amzn stock news
2025-05-07,AMZN,amazons zoox initiates recall while expanding robotaxi production
2025-05-07,AMZN,amazons zoox to open new california factory scale robotaxi fleet ahead of public launch in las vegas and san francisco alphabet nasdaqgoog amazoncom nasdaqamzn
2025-05-07,AMZN,jeff bezosbacked perplexity ai outperforms apples siri and chatgpt in ios voice assistant comparison ceo aravind srinivas says apple nasdaqaapl amazoncom nasdaqamzn
2025-05-07,AMZN,amazon unveils revolutionary robot vulcan with sense of touch to handle 75 of the warehouse items people will always be part of the equation apple nasdaqaapl amazoncom nasdaqamzn
2025-05-07,AMZN,amazon acquires 844 million stake in amd amid ai chip expansion export controls advanced micro devices nasdaqamd amazoncom nasdaqamzn
2025-05-06,AMZN,amzn analysts to hold key discussions in upcoming conference call amzn stock news
2025-05-06,AMZN,insights from amzn discussed in recent analyst conference call amzn stock news
2025-05-06,AMZN,unpacking the latest options trading trends in amazoncom amazoncom nasdaqamzn
2025-05-06,AMZN,amazon amzn enhances customer engagement through aidriven personalization amzn stock news
2025-05-06,AMZN,blackrock inc reduces stake in scansource inc a detailed analysis
2025-05-06,AMZN,blackrock incs strategic acquisition of dime community bancshares inc shares
2025-05-06,AMZN,blackrock inc reduces stake in pra group inc
2025-05-06,AMZN,blackrock inc expands holdings in petroleo brasileiro sa petrobras
2025-05-06,AMZN,blackrock inc reduces stake in cinemark holdings inc
2025-05-06,AMZN,blackrock inc reduces stake in tandem diabetes care inc
2025-05-06,AMZN,blackrock inc reduces stake in core laboratories inc
2025-05-06,AMZN,blackrock inc reduces stake in dxp enterprises inc
2025-05-06,AMZN,blackrock inc reduces stake in nextdecade corp analyzing the implications
2025-05-06,AMZN,blackrock inc reduces stake in constellium se a strategic portfolio adjustment
2025-05-06,AMZN,blackrock inc reduces stake in tompkins financial corp
2025-05-06,AMZN,blackrock inc significantly reduces stake in carpartscom inc
2025-05-06,AMZN,blackrock inc acquires significant stake in alamos gold inc
2025-05-06,AMZN,blackrock inc reduces stake in cyberark software ltd
2025-05-06,AMZN,blackrock inc increases stake in pan american silver corp
2025-05-06,AMZN,blackrock inc reduces holdings in algoma steel group inc
2025-05-06,AMZN,blackrock inc reduces stake in dycom industries inc
2025-05-06,AMZN,blackrock inc expands holdings in barrick gold corp with significant share acquisition
2025-05-06,AMZN,blackrock incs strategic acquisition of teck resources ltd shares
2025-05-06,AMZN,blackrock inc expands holdings in koninklijke philips nv with significant share acquisition
2025-05-06,AMZN,blackrock inc reduces stake in fabrinet a strategic portfolio adjustment
2025-05-06,AMZN,blackrock inc acquires significant stake in b2gold corp
