,headline,date,company
0,Trump’s Tariff Playbook Under Fire—What Comes Next for Markets?,2025-05-29 23:17:00+00:00,NVDA
1,Wal Street fecha em alta entre taxas alfandegárias e resultados da Nvidia,2025-05-29 23:13:45+00:00,NVDA
2,NVIDIA (NVDA) Drives U.S. Stocks Higher Amid Trade Uncertainty,2025-05-29 23:00:19+00:00,NVDA
3,Market Today: Nvidia (NVDA) Leads AI Surge Amid Strong Earnings,2025-05-29 22:32:53+00:00,NVDA
4,Jim Cramer says this is the easiest way for the market to get out of its tariff 'nightmare',2025-05-29 22:32:27+00:00,NVDA
5,Wall Street w górę po decyzji sądu w sprawie ceł,2025-05-29 22:29:54+00:00,NVDA
6,NVIDIA Announces Upcoming Events for Financial Community | NVDA Stock News,2025-05-29 22:17:23+00:00,NVDA
7,"Wall Street en hausse avec Nvidia, les droits de douane en toile de fond",2025-05-29 22:11:50+00:00,NVDA
8,NVIDIA Corp (NVDA) Announces Participation in Key Financial Conferences | NVDA stock news,2025-05-29 22:01:31+00:00,NVDA
9,NetApp Reports Record Results for Fourth Quarter and Fiscal Year 2025,2025-05-29 22:00:04+00:00,NVDA
10,Casa Branca leva a melhor: justiça dos EUA suspende decisão que barrava tarifas de Trump; governo ganha tempo para reverter sentença,2025-05-29 21:42:26+00:00,NVDA
11,"Stock Market Today: Markets Close Higher Amid Trump Tariff Legal Battle, Nvidia Leads Tech Gains",2025-05-29 21:02:20+00:00,NVDA
12,Nvidia: Time To Get Greedy (NASDAQ:NVDA),2025-05-29 21:00:24+00:00,NVDA
13,"S&P 500 Gains and Losses Today: HP, Best Buy Stocks Drop as Tariffs Weigh On Outlook",2025-05-29 20:55:21+00:00,NVDA
14,"Wall: Περιόρισε τα κέρδη της μετά το ""πάγωμα"" της ακύρωσης των δασμών Τραμπ",2025-05-29 20:19:16+00:00,NVDA
15,"SA analyst upgrades: NVDA, DJT, VKTX, BRK.A, BEAM (NVDA:NASDAQ)",2025-05-29 19:54:53+00:00,NVDA
16,"Stock Market Today: S&P 500 and Nasdaq Rally on Nvidia Earnings, Court Blocks Trump Tariffs",2025-05-29 19:02:07+00:00,NVDA
17,"CAC40: termine en léger repli, Nvidia tire le Nasdaq",2025-05-29 17:49:00+00:00,NVDA
18,Bernstein Reiterates ‘Outperform’ Rating on Nvidia (NVDA) With $185 Price Target,2025-05-29 17:34:40+00:00,NVDA
19,Dow Edges Back Up in Afternoon Trading,2025-05-29 17:15:04+00:00,NVDA
20,"CAC40 : végète vers 7.788, W-Street doit sa hausse à Nvidia",2025-05-29 17:05:00+00:00,NVDA
21,Stock Market Today: Markets Climb as Court Blocks Trump Tariffs and Nvidia Impresses,2025-05-29 17:01:58+00:00,NVDA
22,"U.S. stock market today: S&P 500, Dow, and Nasdaq surge as Nvidia smashes earnings and Trump’s tariffs get crushed by court ruling — is this the start of a historic market rally?",2025-05-29 16:44:39+00:00,NVDA
23,Chinese Stocks Soar As US Court Blocks Trump Tariffs,2025-05-29 16:41:35+00:00,NVDA
24,"Investors Double Down On Taco Trade After Tariff Invalidation; A Tell From Nvidia; Mass Layoffs - NVIDIA (NASDAQ:NVDA), SPDR S&P 500 (ARCA:SPY)",2025-05-29 16:18:18+00:00,NVDA
25,Инвесторам недостает уверенности в покупках,2025-05-29 16:12:00+00:00,NVDA
26,Nvidia rallies as the rest of Wall Street drifts after a US court blocks many of Trump's tariffs,2025-05-29 16:08:26+00:00,NVDA
27,"Top Stock Movers Now: Nvidia, HP, Best Buy, and More",2025-05-29 16:05:25+00:00,NVDA
28,"Nasdaq, S&P rise as Nvidia boost, tariff ruling offsets weak GDP; Salesforce drags Dow (DJI:Dow Jones Indices)",2025-05-29 15:51:52+00:00,NVDA
29,"CAC40: termine en lÃ©ger repli, Nvidia tire le Nasdaq",2025-05-29 15:49:00+00:00,NVDA
30,Wall Street abre em alta ligeira após bloqueio judicial às tarifas de Trump,2025-05-29 15:35:52+00:00,NVDA
31,Nvidia Stock Nears Its All-Time High. Is It a Buy Now?,2025-05-29 15:21:34+00:00,NVDA
32,Wall St avança após tribunal bloquear maioria das tarifas de Trump,2025-05-29 15:20:46+00:00,NVDA
33,U.S. Stocks Give Back Ground After Early Surge But Remain Higher,2025-05-29 15:06:49+00:00,NVDA
34,Comparing NVIDIA With Industry Competitors In Semiconductors & Semiconductor Equipment Industry - NVIDIA (NASDAQ:NVDA),2025-05-29 15:00:52+00:00,NVDA
35,"Tech Stocks Surge as Nvidia (NVDA) Shines, Optimism Grows for Rate Cuts",2025-05-29 15:00:22+00:00,NVDA
36,"TNL Mediagene Co-Hosts the 2025 Generative AI Conference, Expands Presence in AI Ecosystem in Asia",2025-05-29 15:00:11+00:00,NVDA
37,"Borsa: l'Europa frena con Wall Street, Milano -0,4%",2025-05-29 14:43:12+00:00,NVDA
38,"Χρηματιστήριο: Ελεγχόμενη διόρθωση με εστίαση σε blue chips και ""βαρίδι"" την αποκοπή της Coca - Cola",2025-05-29 14:37:00+00:00,NVDA
39,"US Stock Market Today: Nasdaq Jumps 1% On Nvidia Results, S&P 500 Up After Court Blocks Trump Tariffs",2025-05-29 14:32:42+00:00,NVDA
40,Market's Rally Fades. Nvidia Is Off Its Highs.,2025-05-29 14:25:21+00:00,NVDA
41,Κέρδη στη Wall με στήριξη από την Nvidia,2025-05-29 14:07:52+00:00,NVDA
42,Nvidia Stock Soars After Earnings—As Stocks Broadly Rally On Tariff Ruling,2025-05-29 14:06:00+00:00,NVDA
43,These 4 Quantum Stocks Outperformed in May—Is There More Room to Run?,2025-05-29 14:00:00+00:00,NVDA
44,Bolsas em NY perdem fôlego com dados econômicos em foco,2025-05-29 13:56:07+00:00,NVDA
45,How To Trade SPY And Top Tech Stocks After Tariff Ruling Boosts Market,2025-05-29 13:55:58+00:00,NVDA
46,"Nasdaq Gains Over 1%; Nvidia Posts Strong Revenue - Alzamend Neuro (NASDAQ:ALZN), Brooge Energy (NASDAQ:BROG)",2025-05-29 13:55:20+00:00,NVDA
47,Blocked tariffs and an Nvidia earnings beat are sending stocks higher today,2025-05-29 13:49:44+00:00,NVDA
48,US stocks rise as court ruling weakens Trump’s tariff authority; tech leads rally on Nvidia earnings,2025-05-29 13:48:03+00:00,NVDA
49,Nvidia surfa superciclo de IA e ainda parece negociada a múltiplos conservadores,2025-05-29 13:45:00+00:00,NVDA
50,"Borse, l'Europa positiva guarda alle mosse di Trump sui dazi",2025-05-29 13:37:09+00:00,NVDA
51,Wall Street szykuje się na silne odbicie. Nvidia i wyrok ws. ceł napędzają kontrakty,2025-05-29 13:33:00+00:00,NVDA
52,"Nvidia Will Set a New High Soon, Then Keep Rallying — Here’s Why",2025-05-29 13:31:00+00:00,NVDA
53,"Stock market today: Dow, S&P 500, Nasdaq rise as Wall Street weighs Trump tariff block, Nvidia earnings",2025-05-29 13:30:26+00:00,NVDA
54,"Stock market today: Dow, S&P 500, Nasdaq edge higher as Wall Street weighs Trump tariff block, Nvidia earnings",2025-05-29 13:30:26+00:00,NVDA
55,"Stock market today: Dow, S&P 500, Nasdaq trim gains as Wall Street weighs Trump tariff block, Nvidia earnings",2025-05-29 13:30:26+00:00,NVDA
56,"Borsa: Europa sale coi dati Usa, bene i future a Wall Street",2025-05-29 13:26:38+00:00,NVDA
57,Will Electronic Arts (EA) be Able to Close the Valuation Gap?,2025-05-29 13:24:12+00:00,NVDA
58,Don’t Take Dick’s Sporting Goods Seriously? Big Mistake,2025-05-29 13:23:00+00:00,NVDA
59,Will Uranium Energy Corporation (UEC) Benefit from Uranium Market Dynamics?,2025-05-29 13:20:54+00:00,NVDA
60,Maple Tree Capital’s Heartwood’s Latest Addition: Reddit (RDDT),2025-05-29 13:14:28+00:00,NVDA
61,A.I. Drone Operations Flourishing as Global Quantum Computing Market Expected to Reach $5.3 Billion By 2029,2025-05-29 13:05:00+00:00,NVDA
62,Stock Market Today: Futures Surge as Court Blocks Trump Tariffs and Nvidia Impresses,2025-05-29 13:01:55+00:00,NVDA
63,Trump Tariff Block By Federal Court May Generate Early Buying Interest,2025-05-29 13:00:14+00:00,NVDA
64,Morning Reads,2025-05-29 12:47:01+00:00,NVDA
65,Do You Believe in the Growth Prospects of CrowdStrike Holdings (CRWD)?,2025-05-29 12:46:12+00:00,NVDA
66,"Nvidia (NVDA) Q1: What Everyone Missed, And What They Didn't",2025-05-29 12:45:00+00:00,NVDA
67,"Ibovespa futuro, dólar e notícias corporativas",2025-05-29 12:31:05+00:00,NVDA
68,"Sens. Warren, Banks, criticize Nvidia's plans for Chinese facility (NVDA:NASDAQ)",2025-05-29 12:29:49+00:00,NVDA
69,"Chip stocks and Big Tech shares jump on Trump tariffs ruling, Nvidia’s earnings, and Elon Musk news",2025-05-29 12:26:00+00:00,NVDA
70,The USD is little change after run higher on endingTrump Liberation Day tariffs fizzles,2025-05-29 12:21:53+00:00,NVDA
71,"Stock Futures Fade Overnight Gains After Activist Judges Block Trump Tariffs, NVDA Earnings Impress",2025-05-29 12:20:10+00:00,NVDA
72,Top 5 Stock Buys for June: AI Picks That Aren’t NVIDIA,2025-05-29 12:05:00+00:00,NVDA
73,5 Things to Know Before the Stock Market Opens,2025-05-29 12:02:08+00:00,NVDA
74,"Nvidia in spotlight as Wall Street praises 'very bullish' results, guidance (NVDA:NASDAQ)",2025-05-29 11:56:15+00:00,NVDA
75,"AMD Isn’t The Next Nvidia, But It Doesn't Need To Be (NASDAQ:AMD)",2025-05-29 11:15:00+00:00,NVDA
76,Trump court loss gives investors something to cheer about,2025-05-29 11:14:31+00:00,NVDA
77,Stock Market Today: Markets Surge as Court Blocks Trump Tariffs and Nvidia Earnings Impress,2025-05-29 11:01:51+00:00,NVDA
78,"Is SHW Stock Trading Too High?""",2025-05-29 11:00:20+00:00,NVDA
79,I mercati globali salgono grazie alla sentenza della Corte statunitense che dichiara illegittimi i dazi di Trump,2025-05-29 10:52:41+00:00,NVDA
80,"Mercados nesta quinta, futuros sobem em NY após Corte suspender tarifaço, notícia da Sabesp, JHSF, Petrobras e de outras companhias",2025-05-29 10:51:59+00:00,NVDA
81,USD/JPY Rises as Court Rules Against Trump’s Trade Tariffs,2025-05-29 10:48:00+00:00,NVDA
82,"Asia And Europe Markets Gain, Trump's Tariff Rejection By Court Fuels Commodity Rally - Global Markets Today While US Slept - SmartETFs Asia Pacific Dividend Builder ETF (ARCA:ADIV)",2025-05-29 10:41:26+00:00,NVDA
83,Wall Street Breakfast Podcast: Judges Check Trump’s Trade,2025-05-29 10:41:14+00:00,NVDA
84,PSI negoceia em alta ligeira (em linha com principais praças europeias),2025-05-29 10:11:32+00:00,NVDA
85,"US Stocks Likely To Open Higher After Federal Court Blocks Trump's Tariffs: 'Without Tariff Revenues, There Is A Big Beautiful Hole In The Big Beautiful Budget Bill,' Says Expert - C3.ai (NYSE:AI), Ab",2025-05-29 10:10:20+00:00,NVDA
86,Global Markets Rise as US Court Rules Trump Tariffs Are Unlawful,2025-05-29 09:45:45+00:00,NVDA
87,"Hang Seng index, FTSE 100 fall with global markets on trade uncertainty; oil climbs on geopolitical risks",2025-05-29 09:45:04+00:00,NVDA
88,"Why Nvidia Shares Are Trading Higher By Over 5%; Here Are 20 Stocks Moving Premarket - C3.ai (NYSE:AI), Actelis Networks (NASDAQ:ASNS)",2025-05-29 09:44:58+00:00,NVDA
89,Bolsas europeias em alta ligeira após bloqueio judicial a tarifas de Trump,2025-05-29 09:29:47+00:00,NVDA
90,Nvidia rośnie mimo słabszej prognozy – Blackwell i AI podtrzymują optymizm inwestorów,2025-05-29 09:29:00+00:00,NVDA
91,Stock Market Today: Markets Surge as Court Blocks Trump Tariffs and Nvidia Impresses,2025-05-29 09:02:10+00:00,NVDA
92,NVDA Stock Overvalued At $140?,2025-05-29 09:00:16+00:00,NVDA
93,Li Auto Inc. Announces Unaudited First Quarter 2025 Financial Results,2025-05-29 08:47:48+00:00,NVDA
94,Демократы США на месте,2025-05-29 08:46:00+00:00,NVDA
95,"Wall Street ends up with Nvidia, appeals court reinstates Trump tariffs",2025-05-29 08:41:39+00:00,NVDA
96,Asian Shares Gain After Court Ruling Against Trump's Tariffs,2025-05-29 08:39:44+00:00,NVDA
97,Rynki reagują na blokadę decyzji Trumpa. Wzrosty mają też inną przyczynę,2025-05-29 08:38:48+00:00,NVDA
98,Nvidia-Quartalszahlen und Ausblick – die Nachbesprechung im Detail,2025-05-29 08:32:20+00:00,NVDA
99,How High Can Nvidia Stock Price Go? Strong NVDA Earnings and New $185 Share Predictions,2025-05-29 08:32:08+00:00,NVDA
100,"Nvidia, Best Buy And 3 Stocks To Watch Heading Into Thursday - Costco Wholesale (NASDAQ:COST), Best Buy Co (NYSE:BBY)",2025-05-29 08:30:42+00:00,NVDA
101,Should You Buy CrowdStrike Stock Before June 3?,2025-05-29 08:30:00+00:00,NVDA
102,1 Amazing Artificial Intelligence (AI) Stock Down 88% You'll Wish You'd Bought on the Dip in 2025,2025-05-29 08:19:00+00:00,NVDA
103,"Global Markets, U.S. Futures Rise After Trump Tariffs Blocked by Court",2025-05-29 08:16:00+00:00,NVDA
104,Is SoundHound AI a Buy?,2025-05-29 08:15:00+00:00,NVDA
105,"US Escalates Tech War With China, New Export Curbs To Hit Cadence, Synopsys As EDA Software, Chemicals And Tools Face License Requirements: Report - NVIDIA (NASDAQ:NVDA), Cadence Design Systems (NASDA",2025-05-29 07:51:57+00:00,NVDA
106,Wall Street y el dólar celebran el revés judicial a los aranceles de Trump: Ibex 35 y Euro Stoxx se moderan,2025-05-29 07:35:45+00:00,NVDA
107,Явный импульс к росту или ложный оптимизм?,2025-05-29 07:25:00+00:00,NVDA
108,US Dollar Gets a Lift From Tariff Ruling and FOMC Insight,2025-05-29 07:19:00+00:00,NVDA
109,Nvidia’s Huang: China’s AI sector rapidly advancing without U.S. tech (NASDAQ:NVDA),2025-05-29 07:14:31+00:00,NVDA
110,"Gold Futures Analysis Today: Range Strategy & Contract Switch (May 29, 2025)",2025-05-29 06:39:56+00:00,NVDA
111,"Dax nahe Rekordhoch, Nvidia Aktie mit Kurssprung",2025-05-29 06:38:00+00:00,NVDA
112,"Πράσινα ταμπλό στην Ασία μετά το δικαστικό ""φρένο"" στους δασμούς Τραμπ",2025-05-29 06:34:00+00:00,NVDA
113,"El Ibex, frenado por sus sectores más defensivos",2025-05-29 05:55:12+00:00,NVDA
114,European Shares Set To Open On Buoyant Note,2025-05-29 05:44:46+00:00,NVDA
115,Nasdaq 100 Eyeing Fresh ATH Supported by Nvidia’s Earnings Beat,2025-05-29 05:24:00+00:00,NVDA
116,Trump-Zölle von US-Handelsgericht großteils für Illegal erklärt,2025-05-29 04:55:12+00:00,NVDA
117,"S&P 500 Bulls Eyeing Next Leg Up Amid Nvidia Earnings Cheer, Trump Tariff Block",2025-05-29 04:50:00+00:00,NVDA
118,Morning Bid: Markets hope Trump tariffs stay 'unlawful',2025-05-29 04:33:44+00:00,NVDA
119,Nvidia: Record $44B Quarter Signals Strength Despite China Export Headwinds,2025-05-29 04:23:00+00:00,NVDA
120,"Sensex jumps 200 points, Nifty above 24,800 after US court blocks Trump tariffs",2025-05-29 04:00:37+00:00,NVDA
121,"NVIDIA Earnings Ignites Markets, Stock Price Was Up 5.8% Last Night",2025-05-29 03:43:45+00:00,NVDA
122,"NVDA, AAPL, AMZN, TEM, TSLA: 5 Trending Stocks Today - Apple (NASDAQ:AAPL), Amazon.com (NASDAQ:AMZN)",2025-05-29 02:46:03+00:00,NVDA
123,NVIDIA Boosts Nasdaq 100 Futures by 2% Amid Tariff Decision,2025-05-29 02:10:20+00:00,NVDA
124,US stocks end down as Fed minutes get digested,2025-05-29 02:02:47+00:00,NVDA
125,Stocks rally in Asia as Trump tariffs hit court hurdle,2025-05-29 01:54:59+00:00,NVDA
126,Ross Gerber Blasts Trump For 'Destroying' Nvidia's China Business — Gene Munster Says 'Forget About The China Curbs' Because The Chip Giant's Core Business Is 'On Fire' - NVIDIA (NASDAQ:NVDA),2025-05-29 01:49:32+00:00,NVDA
127,"Dow Futures Jump Over 400 Points, Amazon And Walmart Shares Spike In After-Hours Trading After Court Blocks Trump Tariffs: Nikkei Opens Higher - Costco Wholesale (NASDAQ:COST), Amazon.com (NASDAQ:AMZN",2025-05-29 01:34:23+00:00,NVDA
128,Nvidia Is Better Prepared For The Future Than Competitors (NASDAQ:NVDA),2025-05-29 01:03:21+00:00,NVDA
129,NVIDIA Corporation (NVDA) Q1 2026 Earnings Call Transcript,2025-05-29 00:51:43+00:00,NVDA
130,"Nvidia: The AI Windfall Continues, But Forward Return Looks Unappealing (NASDAQ:NVDA)",2025-05-29 00:41:06+00:00,NVDA
131,"Stocks gain, dollar weakens as court battle over tariffs take center stage",2025-05-29 00:33:27+00:00,NVDA
132,Nvidia (Finally) Missed; Time To Buy With Ease (Rating Upgrade) (NASDAQ:NVDA),2025-05-29 00:24:06+00:00,NVDA
133,"Hopper Is No Longer An Option, But That Is Okay: Upgrading Nvidia To A Buy (NASDAQ:NVDA)",2025-05-29 00:09:25+00:00,NVDA
134,Nvidia CEO Eases Concerns About China With Upbeat Sales Forecast,2025-05-28 23:17:19+00:00,NVDA
135,Wall Street fecha em baixa à espera dos resultado da Nvidia e preços,2025-05-28 23:13:38+00:00,NVDA
136,Stock Market Today: Markets Close Lower as Investors Await Nvidia Earnings,2025-05-28 22:49:53+00:00,NVDA
137,ASX Market Open: Another near-flat morning as rosy Nvidia results fail to really excite,2025-05-28 22:46:55+00:00,NVDA
138,"Markets Slide into the Close; NVIDIA, CRM & More Report",2025-05-28 22:46:00+00:00,NVDA
139,Spadki w USA w oczekiwaniu na wyniki Nvidii,2025-05-28 22:23:43+00:00,NVDA
140,Nvidia (NVDC34): resultados superam estimativas e ações sobem,2025-05-28 22:21:11+00:00,NVDA
141,"Nvidia Q1: Big Margin Decline, Nice Underlying Growth (NASDAQ:NVDA)",2025-05-28 22:00:45+00:00,NVDA
142,Nvidia (NVDA) Q1 Earnings: Taking a Look at Key Metrics Versus Estimates,2025-05-28 22:00:05+00:00,NVDA
143,"Apple, vendere o tenere? La scommessa tra Buffett e gli analisti",2025-05-28 22:00:00+00:00,NVDA
144,"Wall Street en baisse aprÃ¨s les ""minutes"" de la Fed",2025-05-28 21:47:49+00:00,NVDA
145,Nvidia files mixed shelf offering with SEC (NVDA:NASDAQ),2025-05-28 21:39:00+00:00,NVDA
146,"Nvidia tem lucro de US$ 18,77 bi no primeiro trimestre fiscal, alta de 26%",2025-05-28 21:32:18+00:00,NVDA
147,S&P 500 Gains and Losses Today: FICO Shares Regain Ground After Recent Slump,2025-05-28 21:16:18+00:00,NVDA
148,A most nauseating ASX company & march of the real estate agents,2025-05-28 21:04:53+00:00,NVDA
149,Stock Market Today: Markets Dip as Investors Await Nvidia Earnings and Fed Minutes,2025-05-28 21:02:41+00:00,NVDA
150,"Nvidia dá previsão otimista, mesmo com a desaceleração da China prejudicando avanço",2025-05-28 20:50:46+00:00,NVDA
151,Forexlive Americas FX news wrap 28 May: FOMC meeting minutes less upbeat,2025-05-28 20:46:59+00:00,NVDA
152,"Nvidia pops as Q1 results, guidance top expectations, despite China controls (NVDA:NASDAQ)",2025-05-28 20:40:02+00:00,NVDA
153,NVIDIAs regnskab er bedre end forventet: Aktiekursen stiger,2025-05-28 20:37:43+00:00,NVDA
154,NVIDIA Announces Financial Results for First Quarter Fiscal 2026,2025-05-28 20:26:45+00:00,NVDA
155,US-Börsen verlieren – Nervosität vor Nvidia-Zahlen,2025-05-28 20:26:00+00:00,NVDA
156,"US stock market today: S&P 500, Nasdaq, Dow Jones end in red, all eyes on Nvidia earnings results",2025-05-28 20:21:39+00:00,NVDA
157,AMD Is Winning The Gaming Market (NASDAQ:AMD),2025-05-28 20:20:38+00:00,NVDA
158,Nasdaq 100 Forecast: Eyeing Fresh ATH Supported By Nvidia,2025-05-28 20:15:00+00:00,NVDA
160,U.S. Stocks Close Lower Ahead Of Nvidia Earnings,2025-05-28 20:11:53+00:00,NVDA
161,Major US stock indices close lower ahead of Nvidia earnings,2025-05-28 20:10:56+00:00,NVDA
162,Wall: Ήπιες απώλειες με φόντο τα πρακτικά της Fed,2025-05-28 20:09:01+00:00,NVDA
163,Jim Cramer on NVIDIA Corporation (NVDA): “The Stock’s in No Man’s Land”,2025-05-28 19:38:56+00:00,NVDA
164,Stock Market Today: Markets Await Nvidia Earnings and Fed Minutes as Major Indexes Edge Lower,2025-05-28 19:01:59+00:00,NVDA
165,Spadki na giełdzie? “Reaguj” z XTB,2025-05-28 18:48:00+00:00,NVDA
166,"Market Direction To Be Driven By Nvidia Earnings, Consumer Roars Back With Renewed Faith In Trump - NVIDIA (NASDAQ:NVDA), SPDR S&P 500 (ARCA:SPY)",2025-05-28 17:21:14+00:00,NVDA
167,Na Wall Street ostrożność przed minutes i wynikami Nvidii,2025-05-28 17:17:09+00:00,NVDA
168,"CAC41: un peu de lourdeur, prudence avec Nidia +hausse taux",2025-05-28 17:13:00+00:00,NVDA
169,Is Michael Burry Right Betting Against the Market Again?,2025-05-28 16:33:00+00:00,NVDA
170,Major European indices close the day lower. German Dax backs off record close level.,2025-05-28 16:11:09+00:00,NVDA
171,"Top Stock Movers Now: DR Horton, Okta, Abercrombie & Fitch, and More",2025-05-28 16:08:59+00:00,NVDA
172,CAC40 : consolidation prudente avant Nvidia et 'minutes' FED,2025-05-28 16:00:00+00:00,NVDA
173,Nvidia revela hoje se ainda tem fôlego para surpreender Wall Street; o que esperar?,2025-05-28 15:59:54+00:00,NVDA
174,Microsoft Stock Rallies 33%—Will Nvidia’s Earnings Be the Next Catalyst?,2025-05-28 15:50:00+00:00,NVDA
175,My 3 Favorite Stocks to Buy Right Now,2025-05-28 15:47:00+00:00,NVDA
176,"Wall Street in calo in attesa Nvidia, Dj -0,33%, Nasdaq -0,11%",2025-05-28 15:32:40+00:00,NVDA
177,"Ahead of Nvidia’s earnings, these 10 chip stocks could be poised to rally",2025-05-28 15:27:00+00:00,NVDA
178,Wall Street sobe enquanto investidores aguardam contas da Nvidia,2025-05-28 15:26:28+00:00,NVDA
179,Nvidia (NVDA) Gets $150 Price Target as Piper Sandler Urges Investors to Stay Long,2025-05-28 15:25:06+00:00,NVDA
180,"CAC40: plus de lourdeur, prudence avant Nvidia +hausse taux",2025-05-28 15:13:00+00:00,NVDA
181,Insights Into NVIDIA's Performance Versus Peers In Semiconductors & Semiconductor Equipment Sector - NVIDIA (NASDAQ:NVDA),2025-05-28 15:00:15+00:00,NVDA
182,U.S. Stocks Move Modestly Lower After Early Upward Move,2025-05-28 14:39:14+00:00,NVDA
183,Χρηματιστήριο: Τραπεζική εκτίναξη με οδηγό την Alpha και τζίρο μαμούθ €448 εκατ.,2025-05-28 14:37:00+00:00,NVDA
184,Nvidia Earnings Are Imminent; These Most Accurate Analysts Revise Forecasts Ahead Of Earnings Call - NVIDIA (NASDAQ:NVDA),2025-05-28 14:30:57+00:00,NVDA
185,"Broadcom (AVGO) Is Gaining Market Share in the AI-Chip Space, Tech Researcher Says",2025-05-28 14:26:28+00:00,NVDA
186,"Wall Street abre sessão em terreno positivo com Dow Jones a somar mais de 1,50%",2025-05-28 14:00:35+00:00,NVDA
187,Nvidia Earnings Preview: Can AI Powerhouse Deliver Another Blockbuster Quarter?,2025-05-28 14:00:00+00:00,NVDA
188,Απώλειες στη Wall με το βλέμμα στην Nvidia,2025-05-28 13:58:00+00:00,NVDA
189,Taxas de Treasuries alcançam máximas do dia e pressionam NY; dólar sobe,2025-05-28 13:56:31+00:00,NVDA
190,"Wall Street steady ahead of Nvidia earnings; Macy’s, GameStop rise on strong updates",2025-05-28 13:55:19+00:00,NVDA
191,Inwestorzy czekają na Nvidię i protokoły FOMC,2025-05-28 13:32:35+00:00,NVDA
192,"Stock market today: Dow, S&P 500, Nasdaq move higher with all eyes on Nvidia earnings",2025-05-28 13:31:32+00:00,NVDA
193,Nvidia: devemos esperar mais um trimestre espetacular da gigante da IA?,2025-05-28 13:26:00+00:00,NVDA
194,Muted Market Moves as Nvidia Earnings Take Center Stage,2025-05-28 13:25:57+00:00,NVDA
195,Tesla: Why Analysts Think It Could Jump Another 47%,2025-05-28 13:19:00+00:00,NVDA
196,NVIDIA Corporation (NVDA) Tumbled on Uncertainty in the Technology World,2025-05-28 13:12:19+00:00,NVDA
198,Nvidia And Salesforce Scheduled To Announce Earnings After The Close,2025-05-28 13:00:08+00:00,NVDA
199,Futures Pointing To Roughly Flat Open On Wall Street,2025-05-28 12:56:30+00:00,NVDA
200,Nvidia's earnings report means another big test for the chip giant,2025-05-28 12:40:51+00:00,NVDA
201,"Futures Erases Overnight Loss, Trade Higher Ahead Of Nvidia Earnings",2025-05-28 12:26:04+00:00,NVDA
202,Markets take a pause as investors stop ‘TACO’ trade after one day bounce,2025-05-28 12:24:16+00:00,NVDA
203,The USD has seen up & down price action w/ technical levels defining support & resistance,2025-05-28 12:18:57+00:00,NVDA
204,"Wall Street attendue stable avant Nvidia, l'Europe marque une pause",2025-05-28 11:49:09+00:00,NVDA
205,5 Things to Know Before the Stock Market Opens,2025-05-28 11:40:43+00:00,NVDA
206,Stock Rally Resumes with Nvidia Results Watched as Next Catalyst,2025-05-28 11:18:29+00:00,NVDA
207,"Fed Minutes Awaited as Risk Rally Eases, Dollar Extends Recovery",2025-05-28 11:11:00+00:00,NVDA
208,Nvidia-Quartalszahlen heute Abend,2025-05-28 11:10:51+00:00,NVDA
209,Tight Credit Spreads Signal Calm Despite Moody’s Downgrade,2025-05-28 11:07:00+00:00,NVDA
210,Stock Market Today: Markets Cautious Ahead of Nvidia Earnings and FOMC Minutes,2025-05-28 11:02:01+00:00,NVDA
211,Here's what to watch as Nvidia reports earnings today (NVDA:NASDAQ),2025-05-28 11:02:01+00:00,NVDA
212,Fear Walmart At $96?,2025-05-28 11:00:00+00:00,NVDA
213,Валидол – самый ходовой коммодитиз на биржах. Непослушные индексы США и перспективы Nvidia,2025-05-28 10:43:04+00:00,NVDA
214,US Stocks Surge on Tariff Reprieve and Lower Yields,2025-05-28 10:33:49+00:00,NVDA
215,USD/JPY Holds Steady Near 144.00 as Fed Rate Cut Bets Fade,2025-05-28 10:25:00+00:00,NVDA
216,"US Stocks Likely To Open Lower Ahead Of Nvidia's Q1 Earnings: 'A New Modest Bear Market Is Now Underway,' Says Expert - AutoZone (NYSE:AZO), Abercrombie & Fitch (NYSE:ANF)",2025-05-28 10:11:32+00:00,NVDA
217,"US stock futures dip after sharp rally, focus on Nvidia earnings",2025-05-28 09:44:03+00:00,NVDA
218,World shares are mixed after a Japanese government bond auction falls flat,2025-05-28 09:42:27+00:00,NVDA
219,"Nasdaq, S&P, Dow futures in red as Nvidia results loom (SPX:null)",2025-05-28 09:35:38+00:00,NVDA
220,Nvidia: Trimestrale Decisiva per l’AI e i Mercati Globali,2025-05-28 09:20:12+00:00,NVDA
221,Dow Jones Futuro cai à espera do balanço da Nvidia e da ata do Fed,2025-05-28 08:49:17+00:00,NVDA
222,Nvidia's Big Moment Is Just Ahead. Here's What to Watch For.,2025-05-28 08:35:00+00:00,NVDA
223,1 Dark Horse Candidate for Best-Performing AI Stock Over the Next Five Years,2025-05-28 08:30:00+00:00,NVDA
224,NVIDIA (NVDA) Gets Buy Rating Despite China Chip Ban – Here’s Why Analysts Are Still Bullish,2025-05-28 08:19:39+00:00,NVDA
225,Χρηματιστήριο: Τραπεζικό ράλι στους ρυθμούς της Alpha Bank,2025-05-28 07:59:00+00:00,NVDA
226,"Dow Surges Over 700 Points Following EU Tariff Delay: Investor Sentiment Improves, Fear Index Remains In 'Greed' Zone - AutoZone (NYSE:AZO), Dick's Sporting Goods (NYSE:DKS)",2025-05-28 06:57:10+00:00,NVDA
227,Aktienmärkte nach Zollpause im Höhenflug – Nvidia als Prüfstein,2025-05-28 06:28:05+00:00,NVDA
228,Акции компании Alibaba взлетели не только из-за остановки взаимных пошлин,2025-05-28 06:28:00+00:00,NVDA
229,"""Ανάμικτα συναισθήματα"" στις ασιατικές αγορές, ""ξεθωριάζει"" η αισιοδοξία για τους δασμούς ΗΠΑ - ΕΕ",2025-05-28 06:10:00+00:00,NVDA
230,El Ibex se mantiene en guardia,2025-05-28 05:58:28+00:00,NVDA
231,"Nvidia, AMD Could Stand To Gain Big Time As Japan Proposes $7 Billion Chip Deal In Trump Tariff Talks Amid China Export Curbs: Report - NVIDIA (NASDAQ:NVDA), Advanced Micro Devices (NASDAQ:AMD)",2025-05-28 05:37:31+00:00,NVDA
232,"On ne soigne rien, mais on célèbre le report de l’amputation",2025-05-28 05:26:57+00:00,NVDA
234,Börsen-Ticker: SMI schliesst im Minus - Richemont und Sonova verlieren - Schwergewichte geben nach - Geberit einziger Gewinner,2025-05-28 04:05:00+00:00,NVDA
235,"Börsen-Ticker: Schweizer Markt in Verlustzone - Christine Lagarde denkt über Rücktritt nach - Geberit, VAT und Lindt gefragt - Gesundheitswerte und Finanztitel mit Gewinnmitnahmen",2025-05-28 04:05:00+00:00,NVDA
233,Börsen-Ticker: Dow Jones und SMI schliessen im Minus - Richemont und Sonova verlieren - Geberit einziger Gewinner,2025-05-28 04:05:00+00:00,NVDA
236,Wall Street drifts lower as US stocks slow their roll,2025-05-28 03:30:47+00:00,NVDA
237,ゲームにおけるメタバース市場の2024年の市場規模は239億米ドル,2025-05-28 03:30:00+00:00,NVDA
238,"NVDA, AMC, PDD, DJT, TSLA: 5 Trending Stocks Today - AMC Entertainment Hldgs (NYSE:AMC)",2025-05-28 02:43:46+00:00,NVDA
239,"Shares finish down with investors focused on Nvidia results, oil prices gain",2025-05-28 02:39:53+00:00,NVDA
240,US stocks end sharply higher on Trump's tariff reprieve,2025-05-28 01:28:01+00:00,NVDA
241,Nvidia Is Not A Sell Anymore (NASDAQ:NVDA),2025-05-28 01:12:33+00:00,NVDA
242,Veteran stock trader takes hard look at Nvidia ahead of earnings,2025-05-28 00:43:41+00:00,NVDA
243,"Los inversores de bitcoin, pendientes de Nvidia",2025-05-27 23:36:54+00:00,NVDA
244,"Stock market today: Dow, S&P 500, Nasdaq futures slip with all eyes on Nvidia earnings",2025-05-27 23:31:41+00:00,NVDA
245,Wall Street fecha em alta com a perspectiva de negociações EUA-UE,2025-05-27 22:58:12+00:00,NVDA
246,Na Wall Street największy wzrost od 12 maja,2025-05-27 22:27:24+00:00,NVDA
247,US Stocks Surge as Trade Tensions Ease; TSLA and AMD Lead Gains,2025-05-27 22:00:20+00:00,NVDA
248,"Wall Street en hausse, aidÃ©e par l'apaisement commercial USA-UE",2025-05-27 21:40:59+00:00,NVDA
249,S&P 500 Gains and Losses Today: Index Rises After Trump Extends EU Tariff Deadline,2025-05-27 21:22:12+00:00,NVDA
250,Stock Market Today: Wall Street Surges as Trump Delays EU Tariffs,2025-05-27 21:01:57+00:00,NVDA
251,US major indices have a solid start to the holiday shortened week,2025-05-27 20:35:27+00:00,NVDA
252,S&P 500 rallies 2% as Wall Street responds to Trump delay of 50% EU tariffs,2025-05-27 20:25:06+00:00,NVDA
253,Ράλι ανακούφισης στη Wall καθώς Ε.Ε. και ΗΠΑ συνεχίζουν τις εμπορικές συνομιλίες,2025-05-27 20:18:00+00:00,NVDA
254,"SA analyst downgrades: NVDA, OKTA, HIMS, DDOG, WDAY, RNG",2025-05-27 20:11:44+00:00,NVDA
255,Retail Roundup: Earnings Dribble In Amid Mounting Macro Jitters,2025-05-27 19:51:00+00:00,NVDA
256,"SA analyst upgrades: NVDA, MSFT, AMD, SBUX, ABNB, U, ADI",2025-05-27 19:41:10+00:00,NVDA
257,Nvidia reports Q1 earnings this week: Here’s what to expect,2025-05-27 19:30:00+00:00,NVDA
258,"Stock Market Today: Markets Rally as Trump Delays EU Tariffs, Futures Surge After Memorial Day",2025-05-27 19:01:56+00:00,NVDA
259,Nvidia H20 ban may not be factored into Wall Street estimates: Morgan Stanley (NVDA:NASDAQ),2025-05-27 18:48:08+00:00,NVDA
260,"Concerns About Nvidia Corporation (NVDA) Are Easing, Tech Expert Says",2025-05-27 18:37:49+00:00,NVDA
261,CAC40: termine à l'équilibre tandis que Wall Street rebondit,2025-05-27 17:47:00+00:00,NVDA
262,"Democrats Favor Big Tech, Republicans Pick Bitcoin—ETF Returns Tell the Story",2025-05-27 17:38:00+00:00,NVDA
263,All eyes on China restrictions as Nvidia gets set to report results,2025-05-27 17:24:26+00:00,NVDA
264,CAC40 : cale sous 7.850 malgré envol DAX et +2% sur Nasdaq,2025-05-27 17:10:00+00:00,NVDA
265,"What Bonds, Oil, and Small-Caps Say About Nvidia’s Future",2025-05-27 16:57:00+00:00,NVDA
266,"Wall Street sube con fuerza ante el ""positivo"" avance de las negociaciones con la UE",2025-05-27 16:54:20+00:00,NVDA
267,"Le CAC 40 Ã l'Ã©quilibre, fortes hausses pour Thales et Airbus... Le journal de la bourse du 27 mai",2025-05-27 16:31:26+00:00,NVDA
268,Navitas Soars on Nvidia Deal: Breaking Down Its Tech and Outlook,2025-05-27 16:30:00+00:00,NVDA
269,Nvidia: Starkes KI-Potenzial auf wachsendem Markt – Analysten-Einschätzung,2025-05-27 16:17:00+00:00,NVDA
270,Nvidia Earnings Are Imminent: Here's What You Need To Know (NASDAQ:NVDA),2025-05-27 16:05:25+00:00,NVDA
271,Today’s Midday Market Update: Stocks Rally as Trump Delays EU Tariffs,2025-05-27 15:28:54+00:00,NVDA
272,Wall St sobe após feriado com alívio sobre tarifas da UE,2025-05-27 15:24:24+00:00,NVDA
273,NVIDIA (NVDA) Earnings Awaited as US Stocks Rise; TSLA and PDD in Focus,2025-05-27 15:20:19+00:00,NVDA
274,Nvidia Has A Demand Problem (NASDAQ:NVDA),2025-05-27 15:17:36+00:00,NVDA
275,CAC40 : cale sous 7.850 malgrÃ© envol DAX et +2% sur Nasdaq,2025-05-27 15:10:00+00:00,NVDA
276,Evaluating NVIDIA Against Peers In Semiconductors & Semiconductor Equipment Industry - NVIDIA (NASDAQ:NVDA),2025-05-27 15:00:17+00:00,NVDA
277,NASDAQ index trades up 2% on the day. S&P index up 1.5%,2025-05-27 14:46:13+00:00,NVDA
278,Why Shares of Pony AI Are Surging Today,2025-05-27 14:41:29+00:00,NVDA
279,"China Market Update: Q1 Results From Meituan, PDD & Kuaishou",2025-05-27 14:12:37+00:00,NVDA
280,Quantum Stocks Explode as IonQ Channels Nvidia-Like Vision,2025-05-27 14:07:00+00:00,NVDA
281,Is Nvidia Stock A Buy Ahead Of Q1 Earnings?,2025-05-27 13:58:43+00:00,NVDA
282,GE Stock To $150?,2025-05-27 13:45:09+00:00,NVDA
283,"Stock market today: Dow, S&P 500, Nasdaq soar as Trump pauses EU tariff hikes for fast-tracked talks",2025-05-27 13:33:48+00:00,NVDA
284,Dow Jones Forecast: DJIA Rebounds as Trump Postpones Steeper EU Tariffs,2025-05-27 13:25:00+00:00,NVDA
285,"Nvidia, Cisco, Chipotle And A Basic Materials Stock: CNBC's 'Final Trades' - Cisco Systems (NASDAQ:CSCO), Chipotle Mexican Grill (NYSE:CMG)",2025-05-27 13:22:07+00:00,NVDA
286,Can Nvidia Beat EPS Forecasts While Losing Ground in China?,2025-05-27 13:21:00+00:00,NVDA
287,OSS to Attend NVIDIA GTC Paris 2025,2025-05-27 13:00:25+00:00,NVDA
288,Microsoft (MSFT) and Nvidia (NVDA) Named as Top Picks by Veteran Investor,2025-05-27 12:33:18+00:00,NVDA
289,Futures Rip Higher After Trump Delays EU Tariff Hikes,2025-05-27 12:29:13+00:00,NVDA
290,Stocks Jump As Japan Panics About Soaring Bond Yields,2025-05-27 12:23:21+00:00,NVDA
291,"U.S. stock market futures today: Dow surges over 500 points, S&P 500 and Nasdaq rally as Trump delays EU tariffs; tech giants like Apple, Microsoft, and Nvidia lead gains",2025-05-27 12:16:35+00:00,NVDA
292,US Stock Futures Rise as Trump Eases EU Tariff Threat; AAPL Gains,2025-05-27 12:10:15+00:00,NVDA
293,Nvidia-Resilienz: Wachstumschancen größer als H2O-Verbot-Herausforderungen - Analyst,2025-05-27 12:10:00+00:00,NVDA
294,Nvidia Stock Ahead Of Earnings: Is A Massive Breakout Coming? (NASDAQ:NVDA),2025-05-27 12:00:00+00:00,NVDA
295,Завьялов Илья (Поинт Пей) про неделю волатильности.,2025-05-27 11:32:50+00:00,NVDA
296,Morning Bid: Trade confusion and long yield relief,2025-05-27 11:23:23+00:00,NVDA
297,Stock Market Today: Futures Rally as Trump Delays EU Tariffs; Nvidia Earnings in Focus,2025-05-27 11:01:48+00:00,NVDA
298,Devexperts Integrates BridgeWise AI to Power Trading Assistant Devexa,2025-05-27 10:57:36+00:00,NVDA
299,1 No-Brainer S&P 500 Index Fund to Buy Right Now for Less Than $200,2025-05-27 10:41:00+00:00,NVDA
